indicador,anio,mes,valor,mes_num,fecha
Numero de pacientes que ingresan a Admision Hospitalaria,2018,ENERO,1813,01,2018-01
Numero de personas con ingreso de admision contínua a Hospital,2018,ENERO,10,01,2018-01
Numero de personas con ingreso de admision urgencias  a terapia,2018,ENERO,50,01,2018-01
Numero de pacientes en alta  de admision ,2018,ENERO,1601,01,2018-01
Defunciones en Terapias,2018,ENERO,6,01,2018-01
Pacientes de terapia a Hospital,2018,ENERO,58,01,2018-01
Defunciones en Urgencias ,2018,ENERO,50,01,2018-01
Egresos Hospitalarios,2018,ENERO,1089,01,2018-01
Defunciones Hospitalarias,2018,ENERO,70,01,2018-01
Intervenciones quirúrgicas,2018,ENERO,815,01,2018-01
uso de tiempo quirurgico fin de semana en horas,2018,ENERO,336,01,2018-01
uso de tiempo quirurgico dias habiles en horas,2018,ENERO,3168,01,2018-01
Numero de pacientes que ingresan a Admision Hospitalaria,2019,ENERO,728,01,2019-01
Numero de personas con ingreso de admision contínua a Hospital,2019,ENERO,35,01,2019-01
Numero de personas con ingreso de admision urgencias  a terapia,2019,ENERO,114,01,2019-01
Numero de pacientes en alta  de admision ,2019,ENERO,575,01,2019-01
Defunciones en Terapias,2019,ENERO,8,01,2019-01
Pacientes de terapia a Hospital,2019,ENERO,60,01,2019-01
Defunciones en Urgencias ,2019,ENERO,19,01,2019-01
Egresos Hospitalarios,2019,ENERO,753,01,2019-01
Defunciones Hospitalarias,2019,ENERO,66,01,2019-01
Intervenciones quirúrgicas,2019,ENERO,723,01,2019-01
uso de tiempo quirurgico fin de semana en horas,2019,ENERO,336,01,2019-01
uso de tiempo quirurgico dias habiles en horas,2019,ENERO,2772,01,2019-01
Numero de pacientes que ingresan a Admision Hospitalaria,2020,ENERO,329,01,2020-01
Numero de personas con ingreso de admision contínua a Hospital,2020,ENERO,12,01,2020-01
Numero de personas con ingreso de admision urgencias  a terapia,2020,ENERO,9,01,2020-01
Numero de pacientes en alta  de admision ,2020,ENERO,461,01,2020-01
Defunciones en Terapias,2020,ENERO,9,01,2020-01
Pacientes de terapia a Hospital,2020,ENERO,29,01,2020-01
Defunciones en Urgencias ,2020,ENERO,7,01,2020-01
Egresos Hospitalarios,2020,ENERO,501,01,2020-01
Defunciones Hospitalarias,2020,ENERO,48,01,2020-01
Intervenciones quirúrgicas,2020,ENERO,646,01,2020-01
uso de tiempo quirurgico fin de semana en horas,2020,ENERO,198,01,2020-01
uso de tiempo quirurgico dias habiles en horas,2020,ENERO,1580,01,2020-01
Numero de pacientes que ingresan  a Admision Hospitalaria,2021,ENERO,233,01,2021-01
Numero de personas con ingreso de admision contínua a Hospital,2021,ENERO,55,01,2021-01
Numero de personas con ingreso de admision urgencias  a terapia,2021,ENERO,48,01,2021-01
Numero de pacientes en alta  de admision ,2021,ENERO,400,01,2021-01
Defunciones en Terapias,2021,ENERO,6,01,2021-01
Pacientes de terapia a Hospital,2021,ENERO,16,01,2021-01
Defunciones Urgencias ,2021,ENERO,9,01,2021-01
Egresos Hospitalarios,2021,ENERO,644,01,2021-01
Defunciones Hospitalarias,2021,ENERO,124,01,2021-01
Intervenciones quirúrgicas,2021,ENERO,153,01,2021-01
uso de tiempo quirurgico fin de semana en horas,2021,ENERO,120,01,2021-01
uso de tiempo quirurgico dias habiles en horas,2021,ENERO,1600,01,2021-01
Numero de pacientes que ingresan  a Admision Hospitalaria,2022,ENERO,610,01,2022-01
Numero de personas con ingreso de admision contínua a Hospital,2022,ENERO,225,01,2022-01
Numero de personas con ingreso de admision urgencias  a terapia,2022,ENERO,33,01,2022-01
Numero de pacientes en alta  de admision ,2022,ENERO,922,01,2022-01
Defunciones en Terapias,2022,ENERO,16,01,2022-01
Pacientes de terapia a Hospital,2022,ENERO,80,01,2022-01
Defunciones Urgencias ,2022,ENERO,5,01,2022-01
Egresos Hospitalarios,2022,ENERO,830,01,2022-01
Defunciones Hospitalarias,2022,ENERO,47,01,2022-01
Intervenciones quirúrgicas,2022,ENERO,678,01,2022-01
uso de tiempo quirurgico fin de semana en horas,2022,ENERO,151,01,2022-01
uso de tiempo quirurgico dias habiles en horas,2022,ENERO,1859,01,2022-01
Numero de pacientes que ingresan a Admision Hospitalaria,2023,ENERO,691,01,2023-01
Numero de personas con ingreso de admision contínua a Hospital,2023,ENERO,38,01,2023-01
Numero de personas con ingreso de admision urgencias  a terapia,2023,ENERO,9,01,2023-01
Numero de pacientes en alta  de admision ,2023,ENERO,663,01,2023-01
Defunciones en Terapias,2023,ENERO,20,01,2023-01
Pacientes de terapia a Hospital,2023,ENERO,82,01,2023-01
Defunciones Urgencias ,2023,ENERO,2,01,2023-01
Egresos Hospitalarios,2023,ENERO,934,01,2023-01
Defunciones Hospitalarias,2023,ENERO,63,01,2023-01
Intervenciones quirúrgicas,2023,ENERO,703,01,2023-01
uso de tiempo quirurgico fin de semana en horas,2023,ENERO,324,01,2023-01
uso de tiempo quirurgico dias habiles en horas,2023,ENERO,2772,01,2023-01
Numero de pacientes que ingresan a Admision Hospitalaria,2018,FEBRERO,861,02,2018-02
Numero de personas con ingreso de admision contínua a Hospital,2018,FEBRERO,67,02,2018-02
Numero de personas con ingreso de admision urgencias  a terapia,2018,FEBRERO,35,02,2018-02
Numero de pacientes en alta  de admision ,2018,FEBRERO,1505,02,2018-02
Defunciones en Terapias,2018,FEBRERO,20,02,2018-02
Pacientes de terapia a Hospital,2018,FEBRERO,50,02,2018-02
Defunciones en Urgencias ,2018,FEBRERO,35,02,2018-02
Egresos Hospitalarios,2018,FEBRERO,1070,02,2018-02
Defunciones Hospitalarias,2018,FEBRERO,81,02,2018-02
Intervenciones quirúrgicas,2018,FEBRERO,864,02,2018-02
uso de tiempo quirurgico fin de semana en horas,2018,FEBRERO,420,02,2018-02
uso de tiempo quirurgico dias habiles en horas,2018,FEBRERO,2880,02,2018-02
Numero de pacientes que ingresan a Admision Hospitalaria,2019,FEBRERO,815,02,2019-02
Numero de personas con ingreso de admision contínua a Hospital,2019,FEBRERO,20,02,2019-02
Numero de personas con ingreso de admision urgencias  a terapia,2019,FEBRERO,114,02,2019-02
Numero de pacientes en alta  de admision ,2019,FEBRERO,565,02,2019-02
Defunciones en Terapias,2019,FEBRERO,6,02,2019-02
Pacientes de terapia a Hospital,2019,FEBRERO,52,02,2019-02
Defunciones en Urgencias ,2019,FEBRERO,19,02,2019-02
Egresos Hospitalarios,2019,FEBRERO,833,02,2019-02
Defunciones Hospitalarias,2019,FEBRERO,84,02,2019-02
Intervenciones quirúrgicas,2019,FEBRERO,741,02,2019-02
uso de tiempo quirurgico fin de semana en horas,2019,FEBRERO,420,02,2019-02
uso de tiempo quirurgico dias habiles en horas,2019,FEBRERO,3024,02,2019-02
Numero de pacientes que ingresan a Admision Hospitalaria,2020,FEBRERO,605,02,2020-02
Numero de personas con ingreso de admision contínua a Hospital,2020,FEBRERO,20,02,2020-02
Numero de personas con ingreso de admision urgencias  a terapia,2020,FEBRERO,12,02,2020-02
Numero de pacientes en alta  de admision ,2020,FEBRERO,480,02,2020-02
Defunciones en Terapias,2020,FEBRERO,12,02,2020-02
Pacientes de terapia a Hospital,2020,FEBRERO,53,02,2020-02
Defunciones en Urgencias ,2020,FEBRERO,8,02,2020-02
Egresos Hospitalarios,2020,FEBRERO,820,02,2020-02
Defunciones Hospitalarias,2020,FEBRERO,49,02,2020-02
Intervenciones quirúrgicas,2020,FEBRERO,573,02,2020-02
uso de tiempo quirurgico fin de semana en horas,2020,FEBRERO,195,02,2020-02
uso de tiempo quirurgico dias habiles en horas,2020,FEBRERO,1494,02,2020-02
Numero de pacientes que ingresan  a Admision Hospitalaria,2021,FEBRERO,258,02,2021-02
Numero de personas con ingreso de admision contínua a Hospital,2021,FEBRERO,45,02,2021-02
Numero de personas con ingreso de admision urgencias  a terapia,2021,FEBRERO,36,02,2021-02
Numero de pacientes en alta  de admision ,2021,FEBRERO,312,02,2021-02
Defunciones en Terapias,2021,FEBRERO,6,02,2021-02
Pacientes de terapia a Hospital,2021,FEBRERO,21,02,2021-02
Defunciones Urgencias ,2021,FEBRERO,4,02,2021-02
Egresos Hospitalarios,2021,FEBRERO,623,02,2021-02
Defunciones Hospitalarias,2021,FEBRERO,115,02,2021-02
Intervenciones quirúrgicas,2021,FEBRERO,209,02,2021-02
uso de tiempo quirurgico fin de semana en horas,2021,FEBRERO,121,02,2021-02
uso de tiempo quirurgico dias habiles en horas,2021,FEBRERO,1595,02,2021-02
Numero de pacientes que ingresan  a Admision Hospitalaria,2022,FEBRERO,668,02,2022-02
Numero de personas con ingreso de admision contínua a Hospital,2022,FEBRERO,275,02,2022-02
Numero de personas con ingreso de admision urgencias  a terapia,2022,FEBRERO,66,02,2022-02
Numero de pacientes en alta  de admision ,2022,FEBRERO,806,02,2022-02
Defunciones en Terapias,2022,FEBRERO,14,02,2022-02
Pacientes de terapia a Hospital,2022,FEBRERO,73,02,2022-02
Defunciones Urgencias ,2022,FEBRERO,10,02,2022-02
Egresos Hospitalarios,2022,FEBRERO,785,02,2022-02
Defunciones Hospitalarias,2022,FEBRERO,49,02,2022-02
Intervenciones quirúrgicas,2022,FEBRERO,624,02,2022-02
uso de tiempo quirurgico fin de semana en horas,2022,FEBRERO,161,02,2022-02
uso de tiempo quirurgico dias habiles en horas,2022,FEBRERO,1645,02,2022-02
Numero de pacientes que ingresan a Admision Hospitalaria,2023,FEBRERO,764,02,2023-02
Numero de personas con ingreso de admision contínua a Hospital,2023,FEBRERO,54,02,2023-02
Numero de personas con ingreso de admision urgencias  a terapia,2023,FEBRERO,4,02,2023-02
Numero de pacientes en alta  de admision ,2023,FEBRERO,638,02,2023-02
Defunciones en Terapias,2023,FEBRERO,22,02,2023-02
Pacientes de terapia a Hospital,2023,FEBRERO,101,02,2023-02
Defunciones Urgencias ,2023,FEBRERO,4,02,2023-02
Egresos Hospitalarios,2023,FEBRERO,946,02,2023-02
Defunciones Hospitalarias,2023,FEBRERO,51,02,2023-02
Intervenciones quirúrgicas,2023,FEBRERO,757,02,2023-02
uso de tiempo quirurgico fin de semana en horas,2023,FEBRERO,486,02,2023-02
uso de tiempo quirurgico dias habiles en horas,2023,FEBRERO,2646,02,2023-02
Numero de pacientes que ingresan a Admision Hospitalaria,2018,MARZO,713,03,2018-03
Numero de personas con ingreso de admision contínua a Hospital,2018,MARZO,2,03,2018-03
Numero de personas con ingreso de admision urgencias  a terapia,2018,MARZO,43,03,2018-03
Numero de pacientes en alta  de admision ,2018,MARZO,1481,03,2018-03
Defunciones en Terapias,2018,MARZO,11,03,2018-03
Pacientes de terapia a Hospital,2018,MARZO,61,03,2018-03
Defunciones en Urgencias ,2018,MARZO,43,03,2018-03
Egresos Hospitalarios,2018,MARZO,926,03,2018-03
Defunciones Hospitalarias,2018,MARZO,53,03,2018-03
Intervenciones quirúrgicas,2018,MARZO,865,03,2018-03
uso de tiempo quirurgico fin de semana en horas,2018,MARZO,336,03,2018-03
uso de tiempo quirurgico dias habiles en horas,2018,MARZO,2736,03,2018-03
Numero de pacientes que ingresan a Admision Hospitalaria,2019,MARZO,789,03,2019-03
Numero de personas con ingreso de admision contínua a Hospital,2019,MARZO,60,03,2019-03
Numero de personas con ingreso de admision urgencias  a terapia,2019,MARZO,78,03,2019-03
Numero de pacientes en alta  de admision ,2019,MARZO,581,03,2019-03
Defunciones en Terapias,2019,MARZO,11,03,2019-03
Pacientes de terapia a Hospital,2019,MARZO,62,03,2019-03
Defunciones en Urgencias ,2019,MARZO,13,03,2019-03
Egresos Hospitalarios,2019,MARZO,791,03,2019-03
Defunciones Hospitalarias,2019,MARZO,69,03,2019-03
Intervenciones quirúrgicas,2019,MARZO,736,03,2019-03
uso de tiempo quirurgico fin de semana en horas,2019,MARZO,336,03,2019-03
uso de tiempo quirurgico dias habiles en horas,2019,MARZO,2508,03,2019-03
Numero de pacientes que ingresan a Admision Hospitalaria,2020,MARZO,586,03,2020-03
Numero de personas con ingreso de admision contínua a Hospital,2020,MARZO,5,03,2020-03
Numero de personas con ingreso de admision urgencias  a terapia,2020,MARZO,6,03,2020-03
Numero de pacientes en alta  de admision ,2020,MARZO,390,03,2020-03
Defunciones en Terapias,2020,MARZO,8,03,2020-03
Pacientes de terapia a Hospital,2020,MARZO,26,03,2020-03
Defunciones en Urgencias ,2020,MARZO,4,03,2020-03
Egresos Hospitalarios,2020,MARZO,685,03,2020-03
Defunciones Hospitalarias,2020,MARZO,49,03,2020-03
Intervenciones quirúrgicas,2020,MARZO,443,03,2020-03
uso de tiempo quirurgico fin de semana en horas,2020,MARZO,200,03,2020-03
uso de tiempo quirurgico dias habiles en horas,2020,MARZO,1436,03,2020-03
Numero de pacientes que ingresan  a Admision Hospitalaria,2021,MARZO,141,03,2021-03
Numero de personas con ingreso de admision contínua a Hospital,2021,MARZO,50,03,2021-03
Numero de personas con ingreso de admision urgencias  a terapia,2021,MARZO,24,03,2021-03
Numero de pacientes en alta  de admision ,2021,MARZO,227,03,2021-03
Defunciones en Terapias,2021,MARZO,3,03,2021-03
Pacientes de terapia a Hospital,2021,MARZO,25,03,2021-03
Defunciones Urgencias ,2021,MARZO,3,03,2021-03
Egresos Hospitalarios,2021,MARZO,420,03,2021-03
Defunciones Hospitalarias,2021,MARZO,56,03,2021-03
Intervenciones quirúrgicas,2021,MARZO,210,03,2021-03
uso de tiempo quirurgico fin de semana en horas,2021,MARZO,133,03,2021-03
uso de tiempo quirurgico dias habiles en horas,2021,MARZO,1645,03,2021-03
Numero de pacientes que ingresan  a Admision Hospitalaria,2022,MARZO,602,03,2022-03
Numero de personas con ingreso de admision contínua a Hospital,2022,MARZO,220,03,2022-03
Numero de personas con ingreso de admision urgencias  a terapia,2022,MARZO,18,03,2022-03
Numero de pacientes en alta  de admision ,2022,MARZO,653,03,2022-03
Defunciones en Terapias,2022,MARZO,9,03,2022-03
Pacientes de terapia a Hospital,2022,MARZO,64,03,2022-03
Defunciones Urgencias ,2022,MARZO,3,03,2022-03
Egresos Hospitalarios,2022,MARZO,838,03,2022-03
Defunciones Hospitalarias,2022,MARZO,38,03,2022-03
Intervenciones quirúrgicas,2022,MARZO,640,03,2022-03
uso de tiempo quirurgico fin de semana en horas,2022,MARZO,155,03,2022-03
uso de tiempo quirurgico dias habiles en horas,2022,MARZO,1759,03,2022-03
Numero de pacientes que ingresan a Admision Hospitalaria,2023,MARZO,639,03,2023-03
Numero de personas con ingreso de admision contínua a Hospital,2023,MARZO,17,03,2023-03
Numero de personas con ingreso de admision urgencias  a terapia,2023,MARZO,2,03,2023-03
Numero de pacientes en alta  de admision ,2023,MARZO,603,03,2023-03
Defunciones en Terapias,2023,MARZO,10,03,2023-03
Pacientes de terapia a Hospital,2023,MARZO,81,03,2023-03
Defunciones Urgencias ,2023,MARZO,2,03,2023-03
Egresos Hospitalarios,2023,MARZO,792,03,2023-03
Defunciones Hospitalarias,2023,MARZO,30,03,2023-03
Intervenciones quirúrgicas,2023,MARZO,693,03,2023-03
uso de tiempo quirurgico fin de semana en horas,2023,MARZO,288,03,2023-03
uso de tiempo quirurgico dias habiles en horas,2023,MARZO,2394,03,2023-03
Numero de pacientes que ingresan a Admision Hospitalaria,2018,ABRIL,1369,04,2018-04
Numero de personas con ingreso de admision contínua a Hospital,2018,ABRIL,5,04,2018-04
Numero de personas con ingreso de admision urgencias  a terapia,2018,ABRIL,32,04,2018-04
Numero de pacientes en alta  de admision ,2018,ABRIL,1694,04,2018-04
Defunciones en Terapias,2018,ABRIL,8,04,2018-04
Pacientes de terapia a Hospital,2018,ABRIL,68,04,2018-04
Defunciones en Urgencias ,2018,ABRIL,32,04,2018-04
Egresos Hospitalarios,2018,ABRIL,994,04,2018-04
Defunciones Hospitalarias,2018,ABRIL,48,04,2018-04
Intervenciones quirúrgicas,2018,ABRIL,891,04,2018-04
uso de tiempo quirurgico fin de semana en horas,2018,ABRIL,336,04,2018-04
uso de tiempo quirurgico dias habiles en horas,2018,ABRIL,3024,04,2018-04
Numero de pacientes que ingresan a Admision Hospitalaria,2019,ABRIL,840,04,2019-04
Numero de personas con ingreso de admision contínua a Hospital,2019,ABRIL,25,04,2019-04
Numero de personas con ingreso de admision urgencias  a terapia,2019,ABRIL,66,04,2019-04
Numero de pacientes en alta  de admision ,2019,ABRIL,537,04,2019-04
Defunciones en Terapias,2019,ABRIL,8,04,2019-04
Pacientes de terapia a Hospital,2019,ABRIL,70,04,2019-04
Defunciones en Urgencias ,2019,ABRIL,11,04,2019-04
Egresos Hospitalarios,2019,ABRIL,890,04,2019-04
Defunciones Hospitalarias,2019,ABRIL,39,04,2019-04
Intervenciones quirúrgicas,2019,ABRIL,796,04,2019-04
uso de tiempo quirurgico fin de semana en horas,2019,ABRIL,294,04,2019-04
uso de tiempo quirurgico dias habiles en horas,2019,ABRIL,3024,04,2019-04
Numero de pacientes que ingresan a Admision Hospitalaria,2020,ABRIL,286,04,2020-04
Numero de personas con ingreso de admision contínua a Hospital,2020,ABRIL,3,04,2020-04
Numero de personas con ingreso de admision urgencias  a terapia,2020,ABRIL,3,04,2020-04
Numero de pacientes en alta  de admision ,2020,ABRIL,255,04,2020-04
Defunciones en Terapias,2020,ABRIL,3,04,2020-04
Pacientes de terapia a Hospital,2020,ABRIL,7,04,2020-04
Defunciones en Urgencias ,2020,ABRIL,3,04,2020-04
Egresos Hospitalarios,2020,ABRIL,417,04,2020-04
Defunciones Hospitalarias,2020,ABRIL,23,04,2020-04
Intervenciones quirúrgicas,2020,ABRIL,276,04,2020-04
uso de tiempo quirurgico fin de semana en horas,2020,ABRIL,150,04,2020-04
uso de tiempo quirurgico dias habiles en horas,2020,ABRIL,1015,04,2020-04
Numero de pacientes que ingresan  a Admision Hospitalaria,2021,ABRIL,262,04,2021-04
Numero de personas con ingreso de admision contínua a Hospital,2021,ABRIL,85,04,2021-04
Numero de personas con ingreso de admision urgencias  a terapia,2021,ABRIL,18,04,2021-04
Numero de pacientes en alta  de admision ,2021,ABRIL,433,04,2021-04
Defunciones en Terapias,2021,ABRIL,8,04,2021-04
Pacientes de terapia a Hospital,2021,ABRIL,31,04,2021-04
Defunciones Urgencias ,2021,ABRIL,3,04,2021-04
Egresos Hospitalarios,2021,ABRIL,554,04,2021-04
Defunciones Hospitalarias,2021,ABRIL,53,04,2021-04
Intervenciones quirúrgicas,2021,ABRIL,367,04,2021-04
uso de tiempo quirurgico fin de semana en horas,2021,ABRIL,160,04,2021-04
uso de tiempo quirurgico dias habiles en horas,2021,ABRIL,1638,04,2021-04
Numero de pacientes que ingresan  a Admision Hospitalaria,2022,ABRIL,589,04,2022-04
Numero de personas con ingreso de admision contínua a Hospital,2022,ABRIL,230,04,2022-04
Numero de personas con ingreso de admision urgencias  a terapia,2022,ABRIL,18,04,2022-04
Numero de pacientes en alta  de admision ,2022,ABRIL,664,04,2022-04
Defunciones en Terapias,2022,ABRIL,16,04,2022-04
Pacientes de terapia a Hospital,2022,ABRIL,81,04,2022-04
Defunciones Urgencias ,2022,ABRIL,3,04,2022-04
Egresos Hospitalarios,2022,ABRIL,781,04,2022-04
Defunciones Hospitalarias,2022,ABRIL,59,04,2022-04
Intervenciones quirúrgicas,2022,ABRIL,605,04,2022-04
uso de tiempo quirurgico fin de semana en horas,2022,ABRIL,152,04,2022-04
uso de tiempo quirurgico dias habiles en horas,2022,ABRIL,1740,04,2022-04
Numero de pacientes que ingresan a Admision Hospitalaria,2023,ABRIL,732,04,2023-04
Numero de personas con ingreso de admision contínua a Hospital,2023,ABRIL,74,04,2023-04
Numero de personas con ingreso de admision urgencias  a terapia,2023,ABRIL,6,04,2023-04
Numero de pacientes en alta  de admision ,2023,ABRIL,632,04,2023-04
Defunciones en Terapias,2023,ABRIL,11,04,2023-04
Pacientes de terapia a Hospital,2023,ABRIL,87,04,2023-04
Defunciones Urgencias ,2023,ABRIL,7,04,2023-04
Egresos Hospitalarios,2023,ABRIL,905,04,2023-04
Defunciones Hospitalarias,2023,ABRIL,51,04,2023-04
Intervenciones quirúrgicas,2023,ABRIL,800,04,2023-04
uso de tiempo quirurgico fin de semana en horas,2023,ABRIL,288,04,2023-04
uso de tiempo quirurgico dias habiles en horas,2023,ABRIL,1890,04,2023-04
Numero de pacientes que ingresan a Admision Hospitalaria,2018,MAYO,1322,05,2018-05
Numero de personas con ingreso de admision contínua a Hospital,2018,MAYO,13,05,2018-05
Numero de personas con ingreso de admision urgencias  a terapia,2018,MAYO,54,05,2018-05
Numero de pacientes en alta  de admision ,2018,MAYO,1629,05,2018-05
Defunciones en Terapias,2018,MAYO,16,05,2018-05
Pacientes de terapia a Hospital,2018,MAYO,50,05,2018-05
Defunciones en Urgencias ,2018,MAYO,54,05,2018-05
Egresos Hospitalarios,2018,MAYO,879,05,2018-05
Defunciones Hospitalarias,2018,MAYO,48,05,2018-05
Intervenciones quirúrgicas,2018,MAYO,883,05,2018-05
uso de tiempo quirurgico fin de semana en horas,2018,MAYO,336,05,2018-05
uso de tiempo quirurgico dias habiles en horas,2018,MAYO,2880,05,2018-05
Numero de pacientes que ingresan a Admision Hospitalaria,2019,MAYO,773,05,2019-05
Numero de personas con ingreso de admision contínua a Hospital,2019,MAYO,25,05,2019-05
Numero de personas con ingreso de admision urgencias  a terapia,2019,MAYO,24,05,2019-05
Numero de pacientes en alta  de admision ,2019,MAYO,548,05,2019-05
Defunciones en Terapias,2019,MAYO,12,05,2019-05
Pacientes de terapia a Hospital,2019,MAYO,55,05,2019-05
Defunciones en Urgencias ,2019,MAYO,4,05,2019-05
Egresos Hospitalarios,2019,MAYO,811,05,2019-05
Defunciones Hospitalarias,2019,MAYO,38,05,2019-05
Intervenciones quirúrgicas,2019,MAYO,686,05,2019-05
uso de tiempo quirurgico fin de semana en horas,2019,MAYO,378,05,2019-05
uso de tiempo quirurgico dias habiles en horas,2019,MAYO,2394,05,2019-05
Numero de pacientes que ingresan a Admision Hospitalaria,2020,MAYO,155,05,2020-05
Numero de personas con ingreso de admision contínua a Hospital,2020,MAYO,14,05,2020-05
Numero de personas con ingreso de admision urgencias  a terapia,2020,MAYO,2,05,2020-05
Numero de pacientes en alta  de admision ,2020,MAYO,578,05,2020-05
Defunciones en Terapias,2020,MAYO,4,05,2020-05
Pacientes de terapia a Hospital,2020,MAYO,16,05,2020-05
Defunciones en Urgencias ,2020,MAYO,2,05,2020-05
Egresos Hospitalarios,2020,MAYO,255,05,2020-05
Defunciones Hospitalarias,2020,MAYO,36,05,2020-05
Intervenciones quirúrgicas,2020,MAYO,110,05,2020-05
uso de tiempo quirurgico fin de semana en horas,2020,MAYO,150,05,2020-05
uso de tiempo quirurgico dias habiles en horas,2020,MAYO,490,05,2020-05
Numero de pacientes que ingresan  a Admision Hospitalaria,2021,MAYO,311,05,2021-05
Numero de personas con ingreso de admision contínua a Hospital,2021,MAYO,95,05,2021-05
Numero de personas con ingreso de admision urgencias  a terapia,2021,MAYO,0,05,2021-05
Numero de pacientes en alta  de admision ,2021,MAYO,765,05,2021-05
Defunciones en Terapias,2021,MAYO,8,05,2021-05
Pacientes de terapia a Hospital,2021,MAYO,39,05,2021-05
Defunciones Urgencias ,2021,MAYO,0,05,2021-05
Egresos Hospitalarios,2021,MAYO,565,05,2021-05
Defunciones Hospitalarias,2021,MAYO,57,05,2021-05
Intervenciones quirúrgicas,2021,MAYO,423,05,2021-05
uso de tiempo quirurgico fin de semana en horas,2021,MAYO,155,05,2021-05
uso de tiempo quirurgico dias habiles en horas,2021,MAYO,1517,05,2021-05
Numero de pacientes que ingresan  a Admision Hospitalaria,2022,MAYO,662,05,2022-05
Numero de personas con ingreso de admision contínua a Hospital,2022,MAYO,95,05,2022-05
Numero de personas con ingreso de admision urgencias  a terapia,2022,MAYO,42,05,2022-05
Numero de pacientes en alta  de admision ,2022,MAYO,522,05,2022-05
Defunciones en Terapias,2022,MAYO,14,05,2022-05
Pacientes de terapia a Hospital,2022,MAYO,97,05,2022-05
Defunciones Urgencias ,2022,MAYO,7,05,2022-05
Egresos Hospitalarios,2022,MAYO,781,05,2022-05
Defunciones Hospitalarias,2022,MAYO,42,05,2022-05
Intervenciones quirúrgicas,2022,MAYO,724,05,2022-05
uso de tiempo quirurgico fin de semana en horas,2022,MAYO,158,05,2022-05
uso de tiempo quirurgico dias habiles en horas,2022,MAYO,1780,05,2022-05
Numero de pacientes que ingresan a Admision Hospitalaria,2023,MAYO,726,05,2023-05
Numero de personas con ingreso de admision contínua a Hospital,2023,MAYO,33,05,2023-05
Numero de personas con ingreso de admision urgencias  a terapia,2023,MAYO,4,05,2023-05
Numero de pacientes en alta  de admision ,2023,MAYO,511,05,2023-05
Defunciones en Terapias,2023,MAYO,13,05,2023-05
Pacientes de terapia a Hospital,2023,MAYO,88,05,2023-05
Defunciones Urgencias ,2023,MAYO,4,05,2023-05
Egresos Hospitalarios,2023,MAYO,874,05,2023-05
Defunciones Hospitalarias,2023,MAYO,56,05,2023-05
Intervenciones quirúrgicas,2023,MAYO,750,05,2023-05
uso de tiempo quirurgico fin de semana en horas,2023,MAYO,384,05,2023-05
uso de tiempo quirurgico dias habiles en horas,2023,MAYO,2520,05,2023-05
Numero de pacientes que ingresan a Admision Hospitalaria,2018,JUNIO,736,06,2018-06
Numero de personas con ingreso de admision contínua a Hospital,2018,JUNIO,25,06,2018-06
Numero de personas con ingreso de admision urgencias  a terapia,2018,JUNIO,42,06,2018-06
Numero de pacientes en alta  de admision ,2018,JUNIO,1699,06,2018-06
Defunciones en Terapias,2018,JUNIO,15,06,2018-06
Pacientes de terapia a Hospital,2018,JUNIO,64,06,2018-06
Defunciones en Urgencias ,2018,JUNIO,42,06,2018-06
Egresos Hospitalarios,2018,JUNIO,972,06,2018-06
Defunciones Hospitalarias,2018,JUNIO,47,06,2018-06
Intervenciones quirúrgicas,2018,JUNIO,907,06,2018-06
uso de tiempo quirurgico fin de semana en horas,2018,JUNIO,420,06,2018-06
uso de tiempo quirurgico dias habiles en horas,2018,JUNIO,3024,06,2018-06
Numero de pacientes que ingresan a Admision Hospitalaria,2019,JUNIO,899,06,2019-06
Numero de personas con ingreso de admision contínua a Hospital,2019,JUNIO,30,06,2019-06
Numero de personas con ingreso de admision urgencias  a terapia,2019,JUNIO,48,06,2019-06
Numero de pacientes en alta  de admision ,2019,JUNIO,573,06,2019-06
Defunciones en Terapias,2019,JUNIO,10,06,2019-06
Pacientes de terapia a Hospital,2019,JUNIO,64,06,2019-06
Defunciones en Urgencias ,2019,JUNIO,22,06,2019-06
Egresos Hospitalarios,2019,JUNIO,871,06,2019-06
Defunciones Hospitalarias,2019,JUNIO,43,06,2019-06
Intervenciones quirúrgicas,2019,JUNIO,764,06,2019-06
uso de tiempo quirurgico fin de semana en horas,2019,JUNIO,378,06,2019-06
uso de tiempo quirurgico dias habiles en horas,2019,JUNIO,2904,06,2019-06
Numero de pacientes que ingresan a Admision Hospitalaria,2020,JUNIO,104,06,2020-06
Numero de personas con ingreso de admision contínua a Hospital,2020,JUNIO,13,06,2020-06
Numero de personas con ingreso de admision urgencias  a terapia,2020,JUNIO,14,06,2020-06
Numero de pacientes en alta  de admision ,2020,JUNIO,1127,06,2020-06
Defunciones en Terapias,2020,JUNIO,11,06,2020-06
Pacientes de terapia a Hospital,2020,JUNIO,9,06,2020-06
Defunciones en Urgencias ,2020,JUNIO,14,06,2020-06
Egresos Hospitalarios,2020,JUNIO,408,06,2020-06
Defunciones Hospitalarias,2020,JUNIO,107,06,2020-06
Intervenciones quirúrgicas,2020,JUNIO,112,06,2020-06
uso de tiempo quirurgico fin de semana en horas,2020,JUNIO,130,06,2020-06
uso de tiempo quirurgico dias habiles en horas,2020,JUNIO,660,06,2020-06
Numero de pacientes que ingresan  a Admision Hospitalaria,2021,JUNIO,601,06,2021-06
Numero de personas con ingreso de admision contínua a Hospital,2021,JUNIO,225,06,2021-06
Numero de personas con ingreso de admision urgencias  a terapia,2021,JUNIO,6,06,2021-06
Numero de pacientes en alta  de admision ,2021,JUNIO,500,06,2021-06
Defunciones en Terapias,2021,JUNIO,12,06,2021-06
Pacientes de terapia a Hospital,2021,JUNIO,89,06,2021-06
Defunciones Urgencias ,2021,JUNIO,1,06,2021-06
Egresos Hospitalarios,2021,JUNIO,762,06,2021-06
Defunciones Hospitalarias,2021,JUNIO,47,06,2021-06
Intervenciones quirúrgicas,2021,JUNIO,689,06,2021-06
uso de tiempo quirurgico fin de semana en horas,2021,JUNIO,171,06,2021-06
uso de tiempo quirurgico dias habiles en horas,2021,JUNIO,1711,06,2021-06
Numero de pacientes que ingresan  a Admision Hospitalaria,2022,JUNIO,721,06,2022-06
Numero de personas con ingreso de admision contínua a Hospital,2022,JUNIO,150,06,2022-06
Numero de personas con ingreso de admision urgencias  a terapia,2022,JUNIO,18,06,2022-06
Numero de pacientes en alta  de admision ,2022,JUNIO,567,06,2022-06
Defunciones en Terapias,2022,JUNIO,9,06,2022-06
Pacientes de terapia a Hospital,2022,JUNIO,97,06,2022-06
Defunciones Urgencias ,2022,JUNIO,3,06,2022-06
Egresos Hospitalarios,2022,JUNIO,934,06,2022-06
Defunciones Hospitalarias,2022,JUNIO,55,06,2022-06
Intervenciones quirúrgicas,2022,JUNIO,787,06,2022-06
uso de tiempo quirurgico fin de semana en horas,2022,JUNIO,153,06,2022-06
uso de tiempo quirurgico dias habiles en horas,2022,JUNIO,1851,06,2022-06
Numero de pacientes que ingresan a Admision Hospitalaria,2023,JUNIO,891,06,2023-06
Numero de personas con ingreso de admision contínua a Hospital,2023,JUNIO,29,06,2023-06
Numero de personas con ingreso de admision urgencias  a terapia,2023,JUNIO,4,06,2023-06
Numero de pacientes en alta  de admision ,2023,JUNIO,615,06,2023-06
Defunciones en Terapias,2023,JUNIO,14,06,2023-06
Pacientes de terapia a Hospital,2023,JUNIO,98,06,2023-06
Defunciones Urgencias ,2023,JUNIO,4,06,2023-06
Egresos Hospitalarios,2023,JUNIO,1037,06,2023-06
Defunciones Hospitalarias,2023,JUNIO,51,06,2023-06
Intervenciones quirúrgicas,2023,JUNIO,845,06,2023-06
uso de tiempo quirurgico fin de semana en horas,2023,JUNIO,486,06,2023-06
uso de tiempo quirurgico dias habiles en horas,2023,JUNIO,2646,06,2023-06
Numero de pacientes que ingresan a Admision Hospitalaria,2018,JULIO,696,07,2018-07
Numero de personas con ingreso de admision contínua a Hospital,2018,JULIO,23,07,2018-07
Numero de personas con ingreso de admision urgencias  a terapia,2018,JULIO,50,07,2018-07
Numero de pacientes en alta  de admision ,2018,JULIO,1637,07,2018-07
Defunciones en Terapias,2018,JULIO,18,07,2018-07
Pacientes de terapia a Hospital,2018,JULIO,50,07,2018-07
Defunciones en Urgencias ,2018,JULIO,54,07,2018-07
Egresos Hospitalarios,2018,JULIO,1116,07,2018-07
Defunciones Hospitalarias,2018,JULIO,63,07,2018-07
Intervenciones quirúrgicas,2018,JULIO,923,07,2018-07
uso de tiempo quirurgico fin de semana en horas,2018,JULIO,336,07,2018-07
uso de tiempo quirurgico dias habiles en horas,2018,JULIO,3168,07,2018-07
Numero de pacientes que ingresan a Admision Hospitalaria,2019,JULIO,849,07,2019-07
Numero de personas con ingreso de admision contínua a Hospital,2019,JULIO,75,07,2019-07
Numero de personas con ingreso de admision urgencias  a terapia,2019,JULIO,54,07,2019-07
Numero de pacientes en alta  de admision ,2019,JULIO,573,07,2019-07
Defunciones en Terapias,2019,JULIO,7,07,2019-07
Pacientes de terapia a Hospital,2019,JULIO,58,07,2019-07
Defunciones en Urgencias ,2019,JULIO,8,07,2019-07
Egresos Hospitalarios,2019,JULIO,829,07,2019-07
Defunciones Hospitalarias,2019,JULIO,47,07,2019-07
Intervenciones quirúrgicas,2019,JULIO,777,07,2019-07
uso de tiempo quirurgico fin de semana en horas,2019,JULIO,451,07,2019-07
uso de tiempo quirurgico dias habiles en horas,2019,JULIO,2765,07,2019-07
Numero de pacientes que ingresan a Admision Hospitalaria,2020,JULIO,72,07,2020-07
Numero de personas con ingreso de admision contínua a Hospital,2020,JULIO,5,07,2020-07
Numero de personas con ingreso de admision urgencias  a terapia,2020,JULIO,5,07,2020-07
Numero de pacientes en alta  de admision ,2020,JULIO,1197,07,2020-07
Defunciones en Terapias,2020,JULIO,11,07,2020-07
Pacientes de terapia a Hospital,2020,JULIO,9,07,2020-07
Defunciones en Urgencias ,2020,JULIO,5,07,2020-07
Egresos Hospitalarios,2020,JULIO,468,07,2020-07
Defunciones Hospitalarias,2020,JULIO,159,07,2020-07
Intervenciones quirúrgicas,2020,JULIO,99,07,2020-07
uso de tiempo quirurgico fin de semana en horas,2020,JULIO,144,07,2020-07
uso de tiempo quirurgico dias habiles en horas,2020,JULIO,660,07,2020-07
Numero de pacientes que ingresan  a Admision Hospitalaria,2021,JULIO,608,07,2021-07
Numero de personas con ingreso de admision contínua a Hospital,2021,JULIO,110,07,2021-07
Numero de personas con ingreso de admision urgencias  a terapia,2021,JULIO,30,07,2021-07
Numero de pacientes en alta  de admision ,2021,JULIO,562,07,2021-07
Defunciones en Terapias,2021,JULIO,6,07,2021-07
Pacientes de terapia a Hospital,2021,JULIO,87,07,2021-07
Defunciones Urgencias ,2021,JULIO,5,07,2021-07
Egresos Hospitalarios,2021,JULIO,765,07,2021-07
Defunciones Hospitalarias,2021,JULIO,41,07,2021-07
Intervenciones quirúrgicas,2021,JULIO,625,07,2021-07
uso de tiempo quirurgico fin de semana en horas,2021,JULIO,163,07,2021-07
uso de tiempo quirurgico dias habiles en horas,2021,JULIO,1709,07,2021-07
Numero de pacientes que ingresan  a Admision Hospitalaria,2022,JULIO,716,07,2022-07
Numero de personas con ingreso de admision contínua a Hospital,2022,JULIO,210,07,2022-07
Numero de personas con ingreso de admision urgencias  a terapia,2022,JULIO,18,07,2022-07
Numero de pacientes en alta  de admision ,2022,JULIO,584,07,2022-07
Defunciones en Terapias,2022,JULIO,14,07,2022-07
Pacientes de terapia a Hospital,2022,JULIO,87,07,2022-07
Defunciones Urgencias ,2022,JULIO,3,07,2022-07
Egresos Hospitalarios,2022,JULIO,885,07,2022-07
Defunciones Hospitalarias,2022,JULIO,47,07,2022-07
Intervenciones quirúrgicas,2022,JULIO,739,07,2022-07
uso de tiempo quirurgico fin de semana en horas,2022,JULIO,324,07,2022-07
uso de tiempo quirurgico dias habiles en horas,2022,JULIO,2520,07,2022-07
Numero de pacientes que ingresan a Admision Hospitalaria,2023,JULIO,828,07,2023-07
Numero de personas con ingreso de admision contínua a Hospital,2023,JULIO,33,07,2023-07
Numero de personas con ingreso de admision urgencias  a terapia,2023,JULIO,2,07,2023-07
Numero de pacientes en alta  de admision ,2023,JULIO,660,07,2023-07
Defunciones en Terapias,2023,JULIO,16,07,2023-07
Pacientes de terapia a Hospital,2023,JULIO,65,07,2023-07
Defunciones Urgencias ,2023,JULIO,2,07,2023-07
Egresos Hospitalarios,2023,JULIO,996,07,2023-07
Defunciones Hospitalarias,2023,JULIO,54,07,2023-07
Intervenciones quirúrgicas,2023,JULIO,812,07,2023-07
uso de tiempo quirurgico fin de semana en horas,2023,JULIO,384,07,2023-07
uso de tiempo quirurgico dias habiles en horas,2023,JULIO,2772,07,2023-07
Numero de pacientes que ingresan a Admision Hospitalaria,2018,AGOSTO,532,08,2018-08
Numero de personas con ingreso de admision contínua a Hospital,2018,AGOSTO,13,08,2018-08
Numero de personas con ingreso de admision urgencias  a terapia,2018,AGOSTO,31,08,2018-08
Numero de pacientes en alta  de admision ,2018,AGOSTO,1738,08,2018-08
Defunciones en Terapias,2018,AGOSTO,11,08,2018-08
Pacientes de terapia a Hospital,2018,AGOSTO,65,08,2018-08
Defunciones en Urgencias ,2018,AGOSTO,30,08,2018-08
Egresos Hospitalarios,2018,AGOSTO,1122,08,2018-08
Defunciones Hospitalarias,2018,AGOSTO,57,08,2018-08
Intervenciones quirúrgicas,2018,AGOSTO,1001,08,2018-08
uso de tiempo quirurgico fin de semana en horas,2018,AGOSTO,378,08,2018-08
uso de tiempo quirurgico dias habiles en horas,2018,AGOSTO,3168,08,2018-08
Numero de pacientes que ingresan a Admision Hospitalaria,2019,AGOSTO,485,08,2019-08
Numero de personas con ingreso de admision contínua a Hospital,2019,AGOSTO,105,08,2019-08
Numero de personas con ingreso de admision urgencias  a terapia,2019,AGOSTO,30,08,2019-08
Numero de pacientes en alta  de admision ,2019,AGOSTO,557,08,2019-08
Defunciones en Terapias,2019,AGOSTO,8,08,2019-08
Pacientes de terapia a Hospital,2019,AGOSTO,68,08,2019-08
Defunciones en Urgencias ,2019,AGOSTO,5,08,2019-08
Egresos Hospitalarios,2019,AGOSTO,825,08,2019-08
Defunciones Hospitalarias,2019,AGOSTO,37,08,2019-08
Intervenciones quirúrgicas,2019,AGOSTO,776,08,2019-08
uso de tiempo quirurgico fin de semana en horas,2019,AGOSTO,321,08,2019-08
uso de tiempo quirurgico dias habiles en horas,2019,AGOSTO,2014,08,2019-08
Numero de pacientes que ingresan a Admision Hospitalaria,2020,AGOSTO,52,08,2020-08
Numero de personas con ingreso de admision contínua a Hospital,2020,AGOSTO,11,08,2020-08
Numero de personas con ingreso de admision urgencias  a terapia,2020,AGOSTO,5,08,2020-08
Numero de pacientes en alta  de admision ,2020,AGOSTO,792,08,2020-08
Defunciones en Terapias,2020,AGOSTO,4,08,2020-08
Pacientes de terapia a Hospital,2020,AGOSTO,7,08,2020-08
Defunciones en Urgencias ,2020,AGOSTO,5,08,2020-08
Egresos Hospitalarios,2020,AGOSTO,424,08,2020-08
Defunciones Hospitalarias,2020,AGOSTO,127,08,2020-08
Intervenciones quirúrgicas,2020,AGOSTO,123,08,2020-08
uso de tiempo quirurgico fin de semana en horas,2020,AGOSTO,140,08,2020-08
uso de tiempo quirurgico dias habiles en horas,2020,AGOSTO,650,08,2020-08
Numero de pacientes que ingresan  a Admision Hospitalaria,2021,AGOSTO,731,08,2021-08
Numero de personas con ingreso de admision contínua a Hospital,2021,AGOSTO,185,08,2021-08
Numero de personas con ingreso de admision urgencias  a terapia,2021,AGOSTO,36,08,2021-08
Numero de pacientes en alta  de admision ,2021,AGOSTO,829,08,2021-08
Defunciones en Terapias,2021,AGOSTO,6,08,2021-08
Pacientes de terapia a Hospital,2021,AGOSTO,84,08,2021-08
Defunciones Urgencias ,2021,AGOSTO,0,08,2021-08
Egresos Hospitalarios,2021,AGOSTO,948,08,2021-08
Defunciones Hospitalarias,2021,AGOSTO,34,08,2021-08
Intervenciones quirúrgicas,2021,AGOSTO,782,08,2021-08
uso de tiempo quirurgico fin de semana en horas,2021,AGOSTO,166,08,2021-08
uso de tiempo quirurgico dias habiles en horas,2021,AGOSTO,1933,08,2021-08
Numero de pacientes que ingresan  a Admision Hospitalaria,2022,AGOSTO,736,08,2022-08
Numero de personas con ingreso de admision contínua a Hospital,2022,AGOSTO,160,08,2022-08
Numero de personas con ingreso de admision urgencias  a terapia,2022,AGOSTO,42,08,2022-08
Numero de pacientes en alta  de admision ,2022,AGOSTO,553,08,2022-08
Defunciones en Terapias,2022,AGOSTO,8,08,2022-08
Pacientes de terapia a Hospital,2022,AGOSTO,88,08,2022-08
Defunciones Urgencias ,2022,AGOSTO,7,08,2022-08
Egresos Hospitalarios,2022,AGOSTO,914,08,2022-08
Defunciones Hospitalarias,2022,AGOSTO,35,08,2022-08
Intervenciones quirúrgicas,2022,AGOSTO,811,08,2022-08
uso de tiempo quirurgico fin de semana en horas,2022,AGOSTO,288,08,2022-08
uso de tiempo quirurgico dias habiles en horas,2022,AGOSTO,2760,08,2022-08
Numero de pacientes que ingresan a Admision Hospitalaria,2023,AGOSTO,849,08,2023-08
Numero de personas con ingreso de admision contínua a Hospital,2023,AGOSTO,32,08,2023-08
Numero de personas con ingreso de admision urgencias  a terapia,2023,AGOSTO,6,08,2023-08
Numero de pacientes en alta  de admision ,2023,AGOSTO,612,08,2023-08
Defunciones en Terapias,2023,AGOSTO,10,08,2023-08
Pacientes de terapia a Hospital,2023,AGOSTO,95,08,2023-08
Defunciones Urgencias ,2023,AGOSTO,6,08,2023-08
Egresos Hospitalarios,2023,AGOSTO,932,08,2023-08
Defunciones Hospitalarias,2023,AGOSTO,48,08,2023-08
Intervenciones quirúrgicas,2023,AGOSTO,837,08,2023-08
uso de tiempo quirurgico fin de semana en horas,2023,AGOSTO,384,08,2023-08
uso de tiempo quirurgico dias habiles en horas,2023,AGOSTO,2898,08,2023-08
Numero de pacientes que ingresan a Admision Hospitalaria,2018,SEPTIEMBRE,968,09,2018-09
Numero de personas con ingreso de admision contínua a Hospital,2018,SEPTIEMBRE,14,09,2018-09
Numero de personas con ingreso de admision urgencias  a terapia,2018,SEPTIEMBRE,40,09,2018-09
Numero de pacientes en alta  de admision ,2018,SEPTIEMBRE,1627,09,2018-09
Defunciones en Terapias,2018,SEPTIEMBRE,12,09,2018-09
Pacientes de terapia a Hospital,2018,SEPTIEMBRE,60,09,2018-09
Defunciones en Urgencias ,2018,SEPTIEMBRE,40,09,2018-09
Egresos Hospitalarios,2018,SEPTIEMBRE,1084,09,2018-09
Defunciones Hospitalarias,2018,SEPTIEMBRE,65,09,2018-09
Intervenciones quirúrgicas,2018,SEPTIEMBRE,966,09,2018-09
uso de tiempo quirurgico fin de semana en horas,2018,SEPTIEMBRE,294,09,2018-09
uso de tiempo quirurgico dias habiles en horas,2018,SEPTIEMBRE,3168,09,2018-09
Numero de pacientes que ingresan a Admision Hospitalaria,2019,SEPTIEMBRE,445,09,2019-09
Numero de personas con ingreso de admision contínua a Hospital,2019,SEPTIEMBRE,70,09,2019-09
Numero de personas con ingreso de admision urgencias  a terapia,2019,SEPTIEMBRE,36,09,2019-09
Numero de pacientes en alta  de admision ,2019,SEPTIEMBRE,525,09,2019-09
Defunciones en Terapias,2019,SEPTIEMBRE,10,09,2019-09
Pacientes de terapia a Hospital,2019,SEPTIEMBRE,68,09,2019-09
Defunciones en Urgencias ,2019,SEPTIEMBRE,4,09,2019-09
Egresos Hospitalarios,2019,SEPTIEMBRE,784,09,2019-09
Defunciones Hospitalarias,2019,SEPTIEMBRE,49,09,2019-09
Intervenciones quirúrgicas,2019,SEPTIEMBRE,685,09,2019-09
uso de tiempo quirurgico fin de semana en horas,2019,SEPTIEMBRE,323,09,2019-09
uso de tiempo quirurgico dias habiles en horas,2019,SEPTIEMBRE,2076,09,2019-09
Numero de pacientes que ingresan a Admision Hospitalaria,2020,SEPTIEMBRE,83,09,2020-09
Numero de personas con ingreso de admision contínua a Hospital,2020,SEPTIEMBRE,24,09,2020-09
Numero de personas con ingreso de admision urgencias  a terapia,2020,SEPTIEMBRE,0,09,2020-09
Numero de pacientes en alta  de admision ,2020,SEPTIEMBRE,638,09,2020-09
Defunciones en Terapias,2020,SEPTIEMBRE,5,09,2020-09
Pacientes de terapia a Hospital,2020,SEPTIEMBRE,12,09,2020-09
Defunciones en Urgencias ,2020,SEPTIEMBRE,0,09,2020-09
Egresos Hospitalarios,2020,SEPTIEMBRE,452,09,2020-09
Defunciones Hospitalarias,2020,SEPTIEMBRE,52,09,2020-09
Intervenciones quirúrgicas,2020,SEPTIEMBRE,187,09,2020-09
uso de tiempo quirurgico fin de semana en horas,2020,SEPTIEMBRE,145,09,2020-09
uso de tiempo quirurgico dias habiles en horas,2020,SEPTIEMBRE,635,09,2020-09
Numero de pacientes que ingresan  a Admision Hospitalaria,2021,SEPTIEMBRE,592,09,2021-09
Numero de personas con ingreso de admision contínua a Hospital,2021,SEPTIEMBRE,280,09,2021-09
Numero de personas con ingreso de admision urgencias  a terapia,2021,SEPTIEMBRE,30,09,2021-09
Numero de pacientes en alta  de admision ,2021,SEPTIEMBRE,729,09,2021-09
Defunciones en Terapias,2021,SEPTIEMBRE,14,09,2021-09
Pacientes de terapia a Hospital,2021,SEPTIEMBRE,69,09,2021-09
Defunciones Urgencias ,2021,SEPTIEMBRE,5,09,2021-09
Egresos Hospitalarios,2021,SEPTIEMBRE,833,09,2021-09
Defunciones Hospitalarias,2021,SEPTIEMBRE,50,09,2021-09
Intervenciones quirúrgicas,2021,SEPTIEMBRE,701,09,2021-09
uso de tiempo quirurgico fin de semana en horas,2021,SEPTIEMBRE,171,09,2021-09
uso de tiempo quirurgico dias habiles en horas,2021,SEPTIEMBRE,2029,09,2021-09
Numero de pacientes que ingresan  a Admision Hospitalaria,2022,SEPTIEMBRE,640,09,2022-09
Numero de personas con ingreso de admision contínua a Hospital,2022,SEPTIEMBRE,180,09,2022-09
Numero de personas con ingreso de admision urgencias  a terapia,2022,SEPTIEMBRE,18,09,2022-09
Numero de pacientes en alta  de admision ,2022,SEPTIEMBRE,603,09,2022-09
Defunciones en Terapias,2022,SEPTIEMBRE,8,09,2022-09
Pacientes de terapia a Hospital,2022,SEPTIEMBRE,60,09,2022-09
Defunciones Urgencias ,2022,SEPTIEMBRE,3,09,2022-09
Egresos Hospitalarios,2022,SEPTIEMBRE,851,09,2022-09
Defunciones Hospitalarias,2022,SEPTIEMBRE,32,09,2022-09
Intervenciones quirúrgicas,2022,SEPTIEMBRE,663,09,2022-09
uso de tiempo quirurgico fin de semana en horas,2022,SEPTIEMBRE,288,09,2022-09
uso de tiempo quirurgico dias habiles en horas,2022,SEPTIEMBRE,2394,09,2022-09
Numero de pacientes que ingresan a Admision Hospitalaria,2023,SEPTIEMBRE,778,09,2023-09
Numero de personas con ingreso de admision contínua a Hospital,2023,SEPTIEMBRE,49,09,2023-09
Numero de personas con ingreso de admision urgencias  a terapia,2023,SEPTIEMBRE,11,09,2023-09
Numero de pacientes en alta  de admision ,2023,SEPTIEMBRE,659,09,2023-09
Defunciones en Terapias,2023,SEPTIEMBRE,15,09,2023-09
Pacientes de terapia a Hospital,2023,SEPTIEMBRE,91,09,2023-09
Defunciones Urgencias ,2023,SEPTIEMBRE,12,09,2023-09
Egresos Hospitalarios,2023,SEPTIEMBRE,941,09,2023-09
Defunciones Hospitalarias,2023,SEPTIEMBRE,63,09,2023-09
Intervenciones quirúrgicas,2023,SEPTIEMBRE,766,09,2023-09
uso de tiempo quirurgico fin de semana en horas,2023,SEPTIEMBRE,432,09,2023-09
uso de tiempo quirurgico dias habiles en horas,2023,SEPTIEMBRE,2646,09,2023-09
Numero de pacientes que ingresan a Admision Hospitalaria,2018,OCTUBRE,805,10,2018-10
Numero de personas con ingreso de admision contínua a Hospital,2018,OCTUBRE,15,10,2018-10
Numero de personas con ingreso de admision urgencias  a terapia,2018,OCTUBRE,34,10,2018-10
Numero de pacientes en alta  de admision ,2018,OCTUBRE,1620,10,2018-10
Defunciones en Terapias,2018,OCTUBRE,13,10,2018-10
Pacientes de terapia a Hospital,2018,OCTUBRE,70,10,2018-10
Defunciones en Urgencias ,2018,OCTUBRE,34,10,2018-10
Egresos Hospitalarios,2018,OCTUBRE,1151,10,2018-10
Defunciones Hospitalarias,2018,OCTUBRE,57,10,2018-10
Intervenciones quirúrgicas,2018,OCTUBRE,915,10,2018-10
uso de tiempo quirurgico fin de semana en horas,2018,OCTUBRE,336,10,2018-10
uso de tiempo quirurgico dias habiles en horas,2018,OCTUBRE,3168,10,2018-10
Numero de pacientes que ingresan a Admision Hospitalaria,2019,OCTUBRE,280,10,2019-10
Numero de personas con ingreso de admision contínua a Hospital,2019,OCTUBRE,60,10,2019-10
Numero de personas con ingreso de admision urgencias  a terapia,2019,OCTUBRE,48,10,2019-10
Numero de pacientes en alta  de admision ,2019,OCTUBRE,493,10,2019-10
Defunciones en Terapias,2019,OCTUBRE,8,10,2019-10
Pacientes de terapia a Hospital,2019,OCTUBRE,75,10,2019-10
Defunciones en Urgencias ,2019,OCTUBRE,6,10,2019-10
Egresos Hospitalarios,2019,OCTUBRE,461,10,2019-10
Defunciones Hospitalarias,2019,OCTUBRE,41,10,2019-10
Intervenciones quirúrgicas,2019,OCTUBRE,579,10,2019-10
uso de tiempo quirurgico fin de semana en horas,2019,OCTUBRE,224,10,2019-10
uso de tiempo quirurgico dias habiles en horas,2019,OCTUBRE,2267,10,2019-10
Numero de pacientes que ingresan a Admision Hospitalaria,2020,OCTUBRE,153,10,2020-10
Numero de personas con ingreso de admision contínua a Hospital,2020,OCTUBRE,19,10,2020-10
Numero de personas con ingreso de admision urgencias  a terapia,2020,OCTUBRE,6,10,2020-10
Numero de pacientes en alta  de admision ,2020,OCTUBRE,610,10,2020-10
Defunciones en Terapias,2020,OCTUBRE,7,10,2020-10
Pacientes de terapia a Hospital,2020,OCTUBRE,34,10,2020-10
Defunciones en Urgencias ,2020,OCTUBRE,6,10,2020-10
Egresos Hospitalarios,2020,OCTUBRE,520,10,2020-10
Defunciones Hospitalarias,2020,OCTUBRE,37,10,2020-10
Intervenciones quirúrgicas,2020,OCTUBRE,276,10,2020-10
uso de tiempo quirurgico fin de semana en horas,2020,OCTUBRE,144,10,2020-10
uso de tiempo quirurgico dias habiles en horas,2020,OCTUBRE,645,10,2020-10
Numero de pacientes que ingresan  a Admision Hospitalaria,2021,OCTUBRE,682,10,2021-10
Numero de personas con ingreso de admision contínua a Hospital,2021,OCTUBRE,220,10,2021-10
Numero de personas con ingreso de admision urgencias  a terapia,2021,OCTUBRE,24,10,2021-10
Numero de pacientes en alta  de admision ,2021,OCTUBRE,756,10,2021-10
Defunciones en Terapias,2021,OCTUBRE,16,10,2021-10
Pacientes de terapia a Hospital,2021,OCTUBRE,68,10,2021-10
Defunciones Urgencias ,2021,OCTUBRE,4,10,2021-10
Egresos Hospitalarios,2021,OCTUBRE,1007,10,2021-10
Defunciones Hospitalarias,2021,OCTUBRE,59,10,2021-10
Intervenciones quirúrgicas,2021,OCTUBRE,700,10,2021-10
uso de tiempo quirurgico fin de semana en horas,2021,OCTUBRE,177,10,2021-10
uso de tiempo quirurgico dias habiles en horas,2021,OCTUBRE,1948,10,2021-10
Numero de pacientes que ingresan  a Admision Hospitalaria,2022,OCTUBRE,740,10,2022-10
Numero de personas con ingreso de admision contínua a Hospital,2022,OCTUBRE,285,10,2022-10
Numero de personas con ingreso de admision urgencias  a terapia,2022,OCTUBRE,24,10,2022-10
Numero de pacientes en alta  de admision ,2022,OCTUBRE,525,10,2022-10
Defunciones en Terapias,2022,OCTUBRE,19,10,2022-10
Pacientes de terapia a Hospital,2022,OCTUBRE,104,10,2022-10
Defunciones Urgencias ,2022,OCTUBRE,4,10,2022-10
Egresos Hospitalarios,2022,OCTUBRE,893,10,2022-10
Defunciones Hospitalarias,2022,OCTUBRE,44,10,2022-10
Intervenciones quirúrgicas,2022,OCTUBRE,762,10,2022-10
uso de tiempo quirurgico fin de semana en horas,2022,OCTUBRE,288,10,2022-10
uso de tiempo quirurgico dias habiles en horas,2022,OCTUBRE,2898,10,2022-10
Numero de pacientes que ingresan a Admision Hospitalaria,2023,OCTUBRE,866,10,2023-10
Numero de personas con ingreso de admision contínua a Hospital,2023,OCTUBRE,22,10,2023-10
Numero de personas con ingreso de admision urgencias  a terapia,2023,OCTUBRE,3,10,2023-10
Numero de pacientes en alta  de admision ,2023,OCTUBRE,655,10,2023-10
Defunciones en Terapias,2023,OCTUBRE,19,10,2023-10
Pacientes de terapia a Hospital,2023,OCTUBRE,100,10,2023-10
Defunciones Urgencias ,2023,OCTUBRE,3,10,2023-10
Egresos Hospitalarios,2023,OCTUBRE,961,10,2023-10
Defunciones Hospitalarias,2023,OCTUBRE,67,10,2023-10
Intervenciones quirúrgicas,2023,OCTUBRE,750,10,2023-10
uso de tiempo quirurgico fin de semana en horas,2023,OCTUBRE,384,10,2023-10
uso de tiempo quirurgico dias habiles en horas,2023,OCTUBRE,2772,10,2023-10
Numero de pacientes que ingresan a Admision Hospitalaria,2018,NOVIEMBRE,663,11,2018-11
Numero de personas con ingreso de admision contínua a Hospital,2018,NOVIEMBRE,1,11,2018-11
Numero de personas con ingreso de admision urgencias  a terapia,2018,NOVIEMBRE,41,11,2018-11
Numero de pacientes en alta  de admision ,2018,NOVIEMBRE,1572,11,2018-11
Defunciones en Terapias,2018,NOVIEMBRE,17,11,2018-11
Pacientes de terapia a Hospital,2018,NOVIEMBRE,50,11,2018-11
Defunciones en Urgencias ,2018,NOVIEMBRE,41,11,2018-11
Egresos Hospitalarios,2018,NOVIEMBRE,940,11,2018-11
Defunciones Hospitalarias,2018,NOVIEMBRE,57,11,2018-11
Intervenciones quirúrgicas,2018,NOVIEMBRE,870,11,2018-11
uso de tiempo quirurgico fin de semana en horas,2018,NOVIEMBRE,420,11,2018-11
uso de tiempo quirurgico dias habiles en horas,2018,NOVIEMBRE,2880,11,2018-11
Numero de pacientes que ingresan a Admision Hospitalaria,2019,NOVIEMBRE,286,11,2019-11
Numero de personas con ingreso de admision contínua a Hospital,2019,NOVIEMBRE,105,11,2019-11
Numero de personas con ingreso de admision urgencias  a terapia,2019,NOVIEMBRE,48,11,2019-11
Numero de pacientes en alta  de admision ,2019,NOVIEMBRE,502,11,2019-11
Defunciones en Terapias,2019,NOVIEMBRE,15,11,2019-11
Pacientes de terapia a Hospital,2019,NOVIEMBRE,53,11,2019-11
Defunciones en Urgencias ,2019,NOVIEMBRE,8,11,2019-11
Egresos Hospitalarios,2019,NOVIEMBRE,490,11,2019-11
Defunciones Hospitalarias,2019,NOVIEMBRE,41,11,2019-11
Intervenciones quirúrgicas,2019,NOVIEMBRE,646,11,2019-11
uso de tiempo quirurgico fin de semana en horas,2019,NOVIEMBRE,277,11,2019-11
uso de tiempo quirurgico dias habiles en horas,2019,NOVIEMBRE,2101,11,2019-11
Numero de pacientes que ingresan a Admision Hospitalaria,2020,NOVIEMBRE,236,11,2020-11
Numero de personas con ingreso de admision contínua a Hospital,2020,NOVIEMBRE,14,11,2020-11
Numero de personas con ingreso de admision urgencias  a terapia,2020,NOVIEMBRE,2,11,2020-11
Numero de pacientes en alta  de admision ,2020,NOVIEMBRE,628,11,2020-11
Defunciones en Terapias,2020,NOVIEMBRE,3,11,2020-11
Pacientes de terapia a Hospital,2020,NOVIEMBRE,52,11,2020-11
Defunciones en Urgencias ,2020,NOVIEMBRE,3,11,2020-11
Egresos Hospitalarios,2020,NOVIEMBRE,486,11,2020-11
Defunciones Hospitalarias,2020,NOVIEMBRE,33,11,2020-11
Intervenciones quirúrgicas,2020,NOVIEMBRE,351,11,2020-11
uso de tiempo quirurgico fin de semana en horas,2020,NOVIEMBRE,142,11,2020-11
uso de tiempo quirurgico dias habiles en horas,2020,NOVIEMBRE,970,11,2020-11
Numero de pacientes que ingresan  a Admision Hospitalaria,2021,NOVIEMBRE,724,11,2021-11
Numero de personas con ingreso de admision contínua a Hospital,2021,NOVIEMBRE,325,11,2021-11
Numero de personas con ingreso de admision urgencias  a terapia,2021,NOVIEMBRE,42,11,2021-11
Numero de pacientes en alta  de admision ,2021,NOVIEMBRE,737,11,2021-11
Defunciones en Terapias,2021,NOVIEMBRE,12,11,2021-11
Pacientes de terapia a Hospital,2021,NOVIEMBRE,95,11,2021-11
Defunciones Urgencias ,2021,NOVIEMBRE,7,11,2021-11
Egresos Hospitalarios,2021,NOVIEMBRE,892,11,2021-11
Defunciones Hospitalarias,2021,NOVIEMBRE,58,11,2021-11
Intervenciones quirúrgicas,2021,NOVIEMBRE,721,11,2021-11
uso de tiempo quirurgico fin de semana en horas,2021,NOVIEMBRE,165,11,2021-11
uso de tiempo quirurgico dias habiles en horas,2021,NOVIEMBRE,1940,11,2021-11
Numero de pacientes que ingresan  a Admision Hospitalaria,2022,NOVIEMBRE,713,11,2022-11
Numero de personas con ingreso de admision contínua a Hospital,2022,NOVIEMBRE,280,11,2022-11
Numero de personas con ingreso de admision urgencias  a terapia,2022,NOVIEMBRE,6,11,2022-11
Numero de pacientes en alta  de admision ,2022,NOVIEMBRE,581,11,2022-11
Defunciones en Terapias,2022,NOVIEMBRE,17,11,2022-11
Pacientes de terapia a Hospital,2022,NOVIEMBRE,102,11,2022-11
Defunciones Urgencias ,2022,NOVIEMBRE,1,11,2022-11
Egresos Hospitalarios,2022,NOVIEMBRE,902,11,2022-11
Defunciones Hospitalarias,2022,NOVIEMBRE,60,11,2022-11
Intervenciones quirúrgicas,2022,NOVIEMBRE,802,11,2022-11
uso de tiempo quirurgico fin de semana en horas,2022,NOVIEMBRE,288,11,2022-11
uso de tiempo quirurgico dias habiles en horas,2022,NOVIEMBRE,2898,11,2022-11
Numero de pacientes que ingresan a Admision Hospitalaria,2023,NOVIEMBRE,820,11,2023-11
Numero de personas con ingreso de admision contínua a Hospital,2023,NOVIEMBRE,19,11,2023-11
Numero de personas con ingreso de admision urgencias  a terapia,2023,NOVIEMBRE,3,11,2023-11
Numero de pacientes en alta  de admision ,2023,NOVIEMBRE,624,11,2023-11
Defunciones en Terapias,2023,NOVIEMBRE,10,11,2023-11
Pacientes de terapia a Hospital,2023,NOVIEMBRE,97,11,2023-11
Defunciones Urgencias ,2023,NOVIEMBRE,3,11,2023-11
Egresos Hospitalarios,2023,NOVIEMBRE,910,11,2023-11
Defunciones Hospitalarias,2023,NOVIEMBRE,46,11,2023-11
Intervenciones quirúrgicas,2023,NOVIEMBRE,720,11,2023-11
uso de tiempo quirurgico fin de semana en horas,2023,NOVIEMBRE,540,11,2023-11
uso de tiempo quirurgico dias habiles en horas,2023,NOVIEMBRE,2772,11,2023-11
Numero de pacientes que ingresan a Admision Hospitalaria,2018,DICIEMBRE,346,12,2018-12
Numero de personas con ingreso de admision contínua a Hospital,2018,DICIEMBRE,1,12,2018-12
Numero de personas con ingreso de admision urgencias  a terapia,2018,DICIEMBRE,37,12,2018-12
Numero de pacientes en alta  de admision ,2018,DICIEMBRE,1169,12,2018-12
Defunciones en Terapias,2018,DICIEMBRE,14,12,2018-12
Pacientes de terapia a Hospital,2018,DICIEMBRE,55,12,2018-12
Defunciones en Urgencias ,2018,DICIEMBRE,37,12,2018-12
Egresos Hospitalarios,2018,DICIEMBRE,949,12,2018-12
Defunciones Hospitalarias,2018,DICIEMBRE,71,12,2018-12
Intervenciones quirúrgicas,2018,DICIEMBRE,812,12,2018-12
uso de tiempo quirurgico fin de semana en horas,2018,DICIEMBRE,336,12,2018-12
uso de tiempo quirurgico dias habiles en horas,2018,DICIEMBRE,3024,12,2018-12
Numero de pacientes que ingresan a Admision Hospitalaria,2019,DICIEMBRE,415,12,2019-12
Numero de personas con ingreso de admision contínua a Hospital,2019,DICIEMBRE,50,12,2019-12
Numero de personas con ingreso de admision urgencias  a terapia,2019,DICIEMBRE,78,12,2019-12
Numero de pacientes en alta  de admision ,2019,DICIEMBRE,482,12,2019-12
Defunciones en Terapias,2019,DICIEMBRE,6,12,2019-12
Pacientes de terapia a Hospital,2019,DICIEMBRE,60,12,2019-12
Defunciones en Urgencias ,2019,DICIEMBRE,13,12,2019-12
Egresos Hospitalarios,2019,DICIEMBRE,626,12,2019-12
Defunciones Hospitalarias,2019,DICIEMBRE,35,12,2019-12
Intervenciones quirúrgicas,2019,DICIEMBRE,659,12,2019-12
uso de tiempo quirurgico fin de semana en horas,2019,DICIEMBRE,225,12,2019-12
uso de tiempo quirurgico dias habiles en horas,2019,DICIEMBRE,2151,12,2019-12
Numero de pacientes que ingresan a Admision Hospitalaria,2020,DICIEMBRE,147,12,2020-12
Numero de personas con ingreso de admision contínua a Hospital,2020,DICIEMBRE,3,12,2020-12
Numero de personas con ingreso de admision urgencias  a terapia,2020,DICIEMBRE,8,12,2020-12
Numero de pacientes en alta  de admision ,2020,DICIEMBRE,591,12,2020-12
Defunciones en Terapias,2020,DICIEMBRE,2,12,2020-12
Pacientes de terapia a Hospital,2020,DICIEMBRE,20,12,2020-12
Defunciones en Urgencias ,2020,DICIEMBRE,9,12,2020-12
Egresos Hospitalarios,2020,DICIEMBRE,644,12,2020-12
Defunciones Hospitalarias,2020,DICIEMBRE,106,12,2020-12
Intervenciones quirúrgicas,2020,DICIEMBRE,255,12,2020-12
uso de tiempo quirurgico fin de semana en horas,2020,DICIEMBRE,144,12,2020-12
uso de tiempo quirurgico dias habiles en horas,2020,DICIEMBRE,848,12,2020-12
Numero de pacientes que ingresan  a Admision Hospitalaria,2021,DICIEMBRE,656,12,2021-12
Numero de personas con ingreso de admision contínua a Hospital,2021,DICIEMBRE,140,12,2021-12
Numero de personas con ingreso de admision urgencias  a terapia,2021,DICIEMBRE,36,12,2021-12
Numero de pacientes en alta  de admision ,2021,DICIEMBRE,611,12,2021-12
Defunciones en Terapias,2021,DICIEMBRE,13,12,2021-12
Pacientes de terapia a Hospital,2021,DICIEMBRE,80,12,2021-12
Defunciones Urgencias ,2021,DICIEMBRE,6,12,2021-12
Egresos Hospitalarios,2021,DICIEMBRE,851,12,2021-12
Defunciones Hospitalarias,2021,DICIEMBRE,31,12,2021-12
Intervenciones quirúrgicas,2021,DICIEMBRE,593,12,2021-12
uso de tiempo quirurgico fin de semana en horas,2021,DICIEMBRE,168,12,2021-12
uso de tiempo quirurgico dias habiles en horas,2021,DICIEMBRE,1912,12,2021-12
Numero de pacientes que ingresan  a Admision Hospitalaria,2022,DICIEMBRE,666,12,2022-12
Numero de personas con ingreso de admision contínua a Hospital,2022,DICIEMBRE,120,12,2022-12
Numero de personas con ingreso de admision urgencias  a terapia,2022,DICIEMBRE,12,12,2022-12
Numero de pacientes en alta  de admision ,2022,DICIEMBRE,665,12,2022-12
Defunciones en Terapias,2022,DICIEMBRE,14,12,2022-12
Pacientes de terapia a Hospital,2022,DICIEMBRE,88,12,2022-12
Defunciones Urgencias ,2022,DICIEMBRE,2,12,2022-12
Egresos Hospitalarios,2022,DICIEMBRE,861,12,2022-12
Defunciones Hospitalarias,2022,DICIEMBRE,46,12,2022-12
Intervenciones quirúrgicas,2022,DICIEMBRE,703,12,2022-12
uso de tiempo quirurgico fin de semana en horas,2022,DICIEMBRE,288,12,2022-12
uso de tiempo quirurgico dias habiles en horas,2022,DICIEMBRE,2394,12,2022-12
Numero de pacientes que ingresan a Admision Hospitalaria,2023,DICIEMBRE,742,12,2023-12
Numero de personas con ingreso de admision contínua a Hospital,2023,DICIEMBRE,17,12,2023-12
Numero de personas con ingreso de admision urgencias  a terapia,2023,DICIEMBRE,5,12,2023-12
Numero de pacientes en alta  de admision ,2023,DICIEMBRE,418,12,2023-12
Defunciones en Terapias,2023,DICIEMBRE,22,12,2023-12
Pacientes de terapia a Hospital,2023,DICIEMBRE,94,12,2023-12
Defunciones Urgencias ,2023,DICIEMBRE,5,12,2023-12
Egresos Hospitalarios,2023,DICIEMBRE,847,12,2023-12
Defunciones Hospitalarias,2023,DICIEMBRE,55,12,2023-12
Intervenciones quirúrgicas,2023,DICIEMBRE,664,12,2023-12
uso de tiempo quirurgico fin de semana en horas,2023,DICIEMBRE,432,12,2023-12
uso de tiempo quirurgico dias habiles en horas,2023,DICIEMBRE,2646,12,2023-12
